,City,Country,"Lat, Long",Lat,Lon,OWM City #,OWM City Name,Temp (F),Humidity (%),Cloudiness (%),Wind Speed (mph)
0,rio gallegos,ar,"(-51.622613, -69.218127)",-51.622613,-69.218127,3838859.0,Rio Gallegos,41.56,96.025,46.7,15.9875
1,ushuaia,ar,"(-54.8, -68.3)",-54.8,-68.3,3833367.0,Ushuaia,36.34,99.8,62.4,5.4565
2,punta arenas,cl,"(-53.15, -70.916667)",-53.15,-70.916667,3874787.0,Punta Arenas,42.58,99.85,39.4,15.443999999999999
3,riverton,nz,"(-46.35, 168.016667)",-46.35,168.016667,2206957.0,Riverton,47.66,92.325,75.9,13.147499999999999
4,wyndham,nz,"(-46.333333, 168.85)",-46.333333,168.85,2178933.0,Wyndham,46.58,90.575,79.5,12.8385
5,clyde,nz,"(-45.183333, 169.316667)",-45.183333,169.316667,2192264.0,Clyde,43.02,80.675,25.6,4.309749999999999
6,ranfurly,nz,"(-45.133333, 170.1)",-45.133333,170.1,2183774.0,Ranfurly,43.05,78.125,41.1,7.03625
7,coihaique,cl,"(-45.566667, -72.066667)",-45.566667,-72.066667,3894426.0,Coihaique,44.13,74.375,53.7,6.42225
8,outram,nz,"(-45.866667, 170.233333)",-45.866667,170.233333,2186656.0,Momona,46.83,87.95,35.9,12.924000000000001
9,winton,nz,"(-46.15, 168.333333)",-46.15,168.333333,2206968.0,Winton,46.58,90.575,79.5,12.8385
10,waitati,nz,"(-45.75, 170.566667)",-45.75,170.566667,2179825.0,Waitati,46.83,87.95,35.9,12.924000000000001
11,dunedin,nz,"(-45.866667, 170.5)",-45.866667,170.5,2191562.0,Dunedin,46.83,87.95,35.9,12.924000000000001
12,tuatapere,nz,"(-46.133333, 167.683333)",-46.133333,167.683333,2180815.0,Tuatapere,46.85,100.0,81.4,15.948500000000001
13,edendale,nz,"(-46.316667, 168.783333)",-46.316667,168.783333,2178933.0,Wyndham,46.58,90.575,79.5,12.8385
14,comodoro rivadavia,ar,"(-45.864135, -67.496558)",-45.864135,-67.496558,3860443.0,Comodoro Rivadavia,53.0,91.95,15.2,20.94775
15,purranque,cl,"(-40.916667, -73.166667)",-40.916667,-73.166667,3874579.0,Purranque,52.88,91.7,72.1,6.776749999999998
16,lincoln,nz,"(-43.65, 172.483333)",-43.65,172.483333,2188371.0,Lincoln,54.76,79.225,30.9,13.520249999999999
17,san carlos de bariloche,ar,"(-41.140293, -71.301369)",-41.140293,-71.301369,7647007.0,San Carlos de Bariloche,51.15,83.6,53.0,3.5519999999999996
18,masterton,nz,"(-40.959722, 175.6575)",-40.959722,175.6575,2206890.0,Masterton,50.88,88.125,42.0,11.211749999999999
19,seddon,nz,"(-41.666667, 174.083333)",-41.666667,174.083333,6243932.0,Riverlands,54.39,97.375,9.2,8.016250000000001
20,rolleston,nz,"(-43.583333, 172.383333)",-43.583333,172.383333,2183310.0,Rolleston,54.76,79.225,30.9,13.520249999999999
21,bluff,nz,"(-46.6, 168.333333)",-46.6,168.333333,2206939.0,Bluff,49.66,99.75,80.0,22.376749999999998
22,invercargill,nz,"(-46.4, 168.35)",-46.4,168.35,2189529.0,Invercargill,46.58,90.575,79.5,12.8385
23,milton,nz,"(-46.120833, 169.969444)",-46.120833,169.969444,2208242.0,Milton,46.85,85.4,59.1,16.25875
24,sanson,nz,"(-40.216667, 175.416667)",-40.216667,175.416667,2182968.0,Sanson,54.3,99.475,41.4,17.07
25,hanmer springs,nz,"(-42.516667, 172.816667)",-42.516667,172.816667,2190299.0,Hanmer Springs,49.08,81.7,27.9,6.948499999999998
26,fairlie,nz,"(-44.1, 170.833333)",-44.1,170.833333,2184512.0,Pleasant Point,51.06,88.2,22.6,8.5685
27,murchison,nz,"(-41.8, 172.333333)",-41.8,172.333333,2186377.0,Murchison,45.59,87.0,44.4,2.4502499999999996
28,puerto montt,cl,"(-41.469848, -72.944745)",-41.469848,-72.944745,3874960.0,Puerto Montt,53.61,96.775,73.0,6.693250000000001
29,castro,cl,"(-42.463611, -73.808333)",-42.463611,-73.808333,3889146.0,Gamboa,52.75,95.725,73.4,7.4125
30,lara,au,"(-38.02388, 144.406174)",-38.02388,144.406174,2160560.0,Lara,52.33,89.4,29.6,5.5945
31,maungaturoto,nz,"(-36.1, 174.366667)",-36.1,174.366667,2187060.0,Maungaturoto,58.75,98.425,50.4,18.1535
32,katikati,nz,"(-37.55, 175.916667)",-37.55,175.916667,2189016.0,Katikati,52.72,88.45,46.6,9.115
33,warkworth,nz,"(-36.4, 174.666667)",-36.4,174.666667,2179639.0,Warkworth,57.6,95.65,60.2,16.27775
34,vilcun,cl,"(-38.65, -72.233333)",-38.65,-72.233333,3868210.0,Vilcun,48.12,86.875,68.6,7.00625
35,geelong,au,"(-38.153461, 144.358093)",-38.153461,144.358093,2165798.0,Geelong,55.09,98.825,44.2,9.00925
36,ruatoria,nz,"(-37.883333, 178.333333)",-37.883333,178.333333,2180991.0,Tolaga Bay,54.93,85.35,20.7,8.6405
37,freire,cl,"(-38.95, -72.633333)",-38.95,-72.633333,3889322.0,Freire,52.89,93.0,70.4,6.5905000000000005
38,burnham,nz,"(-43.616667, 172.316667)",-43.616667,172.316667,2192797.0,Burnham,54.76,79.225,30.9,13.520249999999999
39,lota,cl,"(-37.083333, -73.166667)",-37.083333,-73.166667,3881276.0,Lota,60.46,90.775,59.9,7.427250000000001
40,crib point,au,"(-38.35, 145.2)",-38.35,145.2,2169995.0,Crib Point,54.93,97.925,44.7,6.561
41,loncoche,cl,"(-39.366667, -72.633333)",-39.366667,-72.633333,3882582.0,Loncoche,52.04,93.675,72.7,6.0075
42,launceston,au,"(-41.438759, 147.134674)",-41.438759,147.134674,2155392.0,Newstead,52.42,95.625,39.1,3.5564999999999998
43,ballarat,au,"(-37.56266, 143.862579)",-37.56266,143.862579,8014922.0,Ballarat Central,50.61,85.125,31.4,5.9205000000000005
44,kaeo,nz,"(-35.1, 173.783333)",-35.1,173.783333,2189343.0,Kaeo,58.08,87.4,40.0,11.7625
45,olavarria,ar,"(-36.892715, -60.32254)",-36.892715,-60.32254,3842670.0,Olavarria,61.3,59.15,12.9,9.0425
46,rongotea,nz,"(-40.3, 175.416667)",-40.3,175.416667,2183299.0,Rongotea,54.3,99.475,41.4,17.07
47,hobart,au,"(-42.883209, 147.331665)",-42.883209,147.331665,2163355.0,Hobart,52.39,83.625,22.2,4.59075
48,wairoa,nz,"(-39.033333, 177.366667)",-39.033333,177.366667,2206808.0,Wairoa,57.41,95.125,37.0,17.350749999999998
49,athenree,nz,"(-37.466667, 175.916667)",-37.466667,175.916667,2193747.0,Athenree,56.37,83.625,40.8,8.63425
50,ararat,au,"(-37.285419, 142.927277)",-37.285419,142.927277,2177756.0,Ararat,49.42,86.2,40.5,4.47475
51,port shepstone,za,"(-30.741369, 30.454992)",-30.741369,30.454992,964406.0,Port Shepstone,75.23,80.55,6.3,11.46875
52,ahipara,nz,"(-35.166667, 173.166667)",-35.166667,173.166667,2194098.0,Ahipara,58.62,95.275,72.9,15.542750000000002
53,aliwal north,za,"(-30.693664, 26.711407)",-30.693664,26.711407,1023309.0,Aliwal North,64.4,59.225,10.3,5.6265
54,dom pedrito,br,"(-30.983333, -54.666667)",-30.983333,-54.666667,3464547.0,Dom Pedrito,63.36,83.0,27.7,5.82575
55,mercedes,ar,"(-34.651455, -59.430676)",-34.651455,-59.430676,3430708.0,Mercedes,61.12,57.3,15.0,8.71675
56,craigieburn,au,"(-37.6, 144.95)",-37.6,144.95,2170089.0,Craigieburn,50.9,97.9,52.0,2.8275
57,carmelo,uy,"(-33.9891667, -58.2855556)",-33.9891667,-58.2855556,3443341.0,Carmelo,64.69,89.825,19.5,11.3445
58,leeton,au,"(-34.551048, 146.404831)",-34.551048,146.404831,2160413.0,Leeton,52.16,92.6,36.5,4.281499999999999
59,pinheiro machado,br,"(-31.566667, -53.383333)",-31.566667,-53.383333,3453741.0,Pinheiro Machado,63.19,83.475,23.2,5.79475
60,fray bentos,uy,"(-33.1325, -58.2955556)",-33.1325,-58.2955556,3442568.0,Fray Bentos,60.57,79.275,13.5,6.309749999999999
61,de aar,za,"(-30.649657, 24.012295)",-30.649657,24.012295,1011632.0,De Aar,67.73,45.975,14.2,6.6579999999999995
62,progreso,uy,"(-34.665, -56.2194444)",-34.665,-56.2194444,3440963.0,Progreso,58.35,77.275,18.3,12.06575
63,napier,nz,"(-39.483333, 176.916667)",-39.483333,176.916667,2185587.0,Onekawa,59.07,96.05,24.1,18.46575
64,santana do livramento,br,"(-30.883333, -55.516667)",-30.883333,-55.516667,3449936.0,Santana do Livramento,64.44,82.15,29.6,6.38875
65,punta alta,ar,"(-38.875875, -62.073589)",-38.875875,-62.073589,3839982.0,Punta Alta,60.36,72.725,23.7,17.1905
66,hunterville,nz,"(-39.933333, 175.566667)",-39.933333,175.566667,2189630.0,Hunterville,51.69,90.325,52.1,10.04575
67,concepcion,cl,"(-36.833333, -73.05)",-36.833333,-73.05,3893894.0,Concepcion,55.59,98.475,53.4,12.75975
68,mhlambanyatsi,sz,"(-26.45, 31.0166667)",-26.45,31.0166667,934971.0,Mhlambanyatsi,76.16,57.975,9.3,2.6722499999999996
69,waiuku,nz,"(-37.25, 174.75)",-37.25,174.75,2179756.0,Waiuku,57.83,99.075,57.6,18.90375
70,calbuco,cl,"(-41.768011, -73.127296)",-41.768011,-73.127296,3897334.0,Calbuco,52.98,97.925,72.4,13.698250000000002
71,sao sepe,br,"(-30.166667, -53.566667)",-30.166667,-53.566667,3448207.0,Sao Sepe,72.63,90.925,54.9,7.141249999999999
72,parana,ar,"(-31.731967, -60.523802)",-31.731967,-60.523802,3841956.0,Parana,62.82,71.85,5.8,7.0737499999999995
73,oudtshoorn,za,"(-33.592343, 22.205482)",-33.592343,22.205482,967106.0,Oudtshoorn,69.89,69.875,27.3,3.77425
74,moerewa,nz,"(-35.383333, 174.033333)",-35.383333,174.033333,2186722.0,Moerewa,58.08,87.4,40.0,11.7625
75,elliot,za,"(-31.333333, 27.85)",-31.333333,27.85,1005781.0,Elliot,61.46,39.475,14.8,5.587000000000001
76,paso de patria,py,"(-27.216667, -58.583333)",-27.216667,-58.583333,3430105.0,Paso de la Patria,79.93,83.85,38.2,7.64475
77,itaugua,py,"(-25.383333, -57.333333)",-25.383333,-57.333333,3437918.0,Itaugua,92.88,85.525,73.9,7.492750000000001
78,francisco beltrao,br,"(-26.083333, -53.066667)",-26.083333,-53.066667,3462996.0,Francisco Beltrao,78.3,85.7,60.7,4.5920000000000005
79,sunbury,au,"(-37.577419, 144.726074)",-37.577419,144.726074,2147914.0,Sunbury,52.33,89.4,29.6,5.5945
80,vina del mar,cl,"(-33.008056, -71.519722)",-33.008056,-71.519722,3900687.0,Achupallas,60.4,94.975,32.7,3.0595
81,kubuta,sz,"(-26.8833333, 31.4833333)",-26.8833333,31.4833333,935055.0,Kubuta,75.89,61.975,7.6,2.75475
82,san luis,ar,"(-33.295012, -66.335627)",-33.295012,-66.335627,3837056.0,San Luis,65.17,54.225,15.4,7.5535
83,standerton,za,"(-26.933655, 29.241518)",-26.933655,29.241518,952747.0,Standerton,67.61,48.45,7.2,5.04925
84,antonina,br,"(-25.4314, -48.7184)",-25.4314,-48.7184,3472048.0,Antonina,79.99,90.525,38.6,2.281
85,esteio,br,"(-29.85, -51.166667)",-29.85,-51.166667,3463859.0,Esteio,84.07,92.95,63.5,6.355500000000001
86,zastron,za,"(-30.302249, 27.083951)",-30.302249,27.083951,937246.0,Zastron,64.4,59.225,10.3,5.6265
87,chopinzinho,br,"(-25.85, -52.5)",-25.85,-52.5,3466196.0,Chopinzinho,75.06,88.025,53.4,4.53325
88,medowie,au,"(-32.741501, 151.867599)",-32.741501,151.867599,2158220.0,Medowie,61.85,100.0,37.2,7.552250000000001
89,ampere,br,"(-25.916667, -53.466667)",-25.916667,-53.466667,3472304.0,Ampere,79.56,87.125,63.5,5.180000000000001
90,pando,uy,"(-34.7166667, -55.95)",-34.7166667,-55.95,3441354.0,Pando,58.26,91.75,18.2,11.8095
91,the vale,mu,"(-20.0283333, 57.5877778)",-20.0283333,57.5877778,933970.0,The Vale,75.65,100.0,15.9,16.897750000000002
92,burnie,au,"(-41.05584, 145.903748)",-41.05584,145.903748,2170702.0,Cooee,55.07,100.0,40.0,12.10375
93,leeston,nz,"(-43.766667, 172.3)",-43.766667,172.3,2188444.0,Leeston,54.76,79.225,30.9,13.520249999999999
94,maldonado,uy,"(-34.9, -54.95)",-34.9,-54.95,3441894.0,Maldonado,60.01,93.175,21.2,10.31225
95,palmerston north,nz,"(-40.35, 175.616667)",-40.35,175.616667,2181258.0,Terrace End,51.69,90.325,52.1,10.04575
96,dolores,ar,"(-36.313215, -57.679185)",-36.313215,-57.679185,3435038.0,Dolores,54.73,78.825,14.9,10.799
97,ypane,py,"(-25.45, -57.533333)",-25.45,-57.533333,3436583.0,Ypane,92.88,85.525,73.9,7.492750000000001
98,clemencia,mu,"(-20.2638889, 57.7061111)",-20.2638889,57.7061111,934599.0,Clemencia,75.64,79.6,39.2,11.17925
99,coolum beach,au,"(-26.533331, 153.091232)",-26.533331,153.091232,2170581.0,Coolum Beach,66.45,97.825,60.9,6.009500000000001
100,itapema,br,"(-27.099167, -48.615)",-27.099167,-48.615,3460740.0,Itapema,73.85,97.2,55.5,6.2844999999999995
101,maua,br,"(-23.666667, -46.45)",-23.666667,-46.45,6322373.0,Mauá,82.89,63.55,31.2,4.2
102,ipero,br,"(-23.35, -47.683333)",-23.35,-47.683333,3461134.0,Ipero,88.18,52.575,22.7,5.51875
103,mocuba,mz,"(-16.8402778, 38.2569444)",-16.8402778,38.2569444,1024312.0,Província de Zambézia,78.92,79.65,28.2,3.7119999999999997
104,presidente olegario,br,"(-18.416667, -46.416667)",-18.416667,-46.416667,3452327.0,Presidente Olegario,78.13,63.325,24.6,4.2212499999999995
105,matata,nz,"(-37.883333, 176.75)",-37.883333,176.75,2187175.0,Matata,57.56,100.0,26.3,17.69825
106,guararapes,br,"(-21.25, -50.633333)",-21.25,-50.633333,3461874.0,Guararapes,87.28,55.85,8.8,4.866749999999999
107,lithgow,au,"(-33.482471, 150.136307)",-33.482471,150.136307,2160053.0,Lithgow,50.62,83.925,35.8,1.96625
108,canberra,au,"(-35.27603, 149.13435)",-35.27603,149.13435,2172517.0,Canberra,50.4,88.9,21.4,2.6377499999999996
109,mahaena,pf,"(-17.5666667, -149.3166667)",-17.5666667,-149.3166667,4034402.0,Hitiaa,81.26,99.9,57.7,9.802249999999999
110,guanay,bo,"(-15.4833333, -67.8833333)",-15.4833333,-67.8833333,3911924.0,Departamento de La Paz,72.52,85.075,61.3,1.86325
111,koppies,za,"(-27.241789, 27.574222)",-27.241789,27.574222,987875.0,Koppies,70.41,47.4,5.5,4.927249999999999
112,rosario,ar,"(-32.946818, -60.639317)",-32.946818,-60.639317,3838583.0,Rosario,72.45,72.15,11.8,7.802
113,sarzedo,br,"(-20.033333, -44.15)",-20.033333,-44.15,3447969.0,Sarzedo,84.72,65.9,22.7,4.186
114,cardoso,br,"(-20.066667, -49.9)",-20.066667,-49.9,3466970.0,Cardoso,86.2,45.4,31.8,5.784250000000001
115,salta,ar,"(-24.785896, -65.411664)",-24.785896,-65.411664,3838233.0,Salta,86.47,70.675,15.1,2.31625
116,goianira,br,"(-16.5, -49.433333)",-16.5,-49.433333,3462376.0,Goianira,84.58,54.6,15.5,4.428
117,charqueadas,br,"(-29.966667, -51.633333)",-29.966667,-51.633333,3466261.0,Charqueadas,82.63,95.8,63.8,6.812250000000001
118,tandil,ar,"(-37.321674, -59.133164)",-37.321674,-59.133164,3427833.0,Tandil,59.23,60.3,10.5,11.08675
119,toahotu,pf,"(-17.75, -149.3166667)",-17.75,-149.3166667,4033295.0,Tohautu,80.63,99.975,46.7,11.2975
120,chacabuco,ar,"(-34.641667, -60.473889)",-34.641667,-60.473889,3861953.0,Chacabuco,58.48,62.1,15.7,8.505500000000001
121,astolfo dutra,br,"(-21.316667, -42.866667)",-21.316667,-42.866667,3471369.0,Astolfo Dutra,80.83,78.85,6.4,3.25475
122,formiga,br,"(-20.45, -45.416667)",-20.45,-45.416667,3463174.0,Formiga,79.54,57.4,28.3,4.4552499999999995
123,pocoes,br,"(-14.516667, -40.35)",-14.516667,-40.35,3453337.0,Pocoes,73.36,92.575,56.0,4.194750000000001
124,parati,br,"(-23.216667, -44.716667)",-23.216667,-44.716667,3455036.0,Parati,78.44,89.475,17.7,3.21225
125,san antonio,cl,"(-33.593333, -71.621667)",-33.593333,-71.621667,3872395.0,San Antonio,61.38,95.375,43.0,3.105
126,esperance,mu,"(-20.225, 57.5872222)",-20.225,57.5872222,1106782.0,Espérance,75.64,79.6,39.2,11.17925
127,sao carlos,br,"(-22.016667, -47.9)",-22.016667,-47.9,3449319.0,Sao Carlos,86.31,50.6,19.6,6.424000000000001
128,itatinga,br,"(-23.116667, -48.6)",-23.116667,-48.6,3460594.0,Itatinga,82.72,66.7,15.3,4.647
129,arroio grande,br,"(-32.233333, -53.083333)",-32.233333,-53.083333,3471422.0,Arroio Grande,59.5,97.75,15.8,7.9315
130,barra velha,br,"(-26.6406, -48.6851)",-26.6406,-48.6851,3470597.0,Barra Velha,70.59,98.35,56.0,5.372249999999999
131,campina verde,br,"(-19.516667, -49.466667)",-19.516667,-49.466667,3467860.0,Campina Verde,85.93,43.75,33.7,6.9079999999999995
132,oxford,nz,"(-43.3, 172.183333)",-43.3,172.183333,2185148.0,Oxford,50.07,78.975,19.0,7.816750000000001
133,mizque,bo,"(-17.9333333, -65.3166667)",-17.9333333,-65.3166667,3910291.0,Mizque,68.31,88.525,14.2,2.786
134,edelira,py,"(-26.75, -55.266667)",-26.75,-55.266667,3438743.0,Edelira,79.65,92.45,74.7,2.86775
135,san jose,uy,"(-34.3375, -56.7136111)",-34.3375,-56.7136111,3440639.0,San Jose de Mayo,63.99,60.325,19.9,7.9670000000000005
136,pato branco,br,"(-26.216667, -52.666667)",-26.216667,-52.666667,3454818.0,Pato Branco,77.67,85.575,65.6,6.53425
137,atibaia,br,"(-23.124167, -46.562222)",-23.124167,-46.562222,3471335.0,Atibaia,85.35,53.325,33.2,5.91775
138,soanierana ivongo,mg,"(-16.9166667, 49.5833333)",-16.9166667,49.5833333,1056386.0,Soanierana Ivongo,74.75,99.575,82.9,11.0335
139,quarai,br,"(-30.383333, -56.45)",-30.383333,-56.45,3452179.0,Quarai,64.53,80.15,27.6,6.473999999999999
140,curanilahue,cl,"(-37.466667, -73.35)",-37.466667,-73.35,3892892.0,Curanilahue,53.97,90.775,59.9,7.427250000000001
141,terra boa,br,"(-23.75, -52.45)",-23.75,-52.45,3446598.0,Terra Boa,81.14,79.3,22.0,4.506
142,namanyere,tz,"(-7.5166667, 31.05)",-7.5166667,31.05,151986.0,Namanyere,77.16,60.175,42.2,3.3659999999999997
143,umbuzeiro,br,"(-7.7, -35.666667)",-7.7,-35.666667,3385778.0,Umbuzeiro,79.84,89.15,60.3,8.64475
144,gloria do goita,br,"(-8.016667, -35.283333)",-8.016667,-35.283333,3387743.0,Serrinha,82.92,89.15,60.3,8.64475
145,luz,br,"(-19.8, -45.666667)",-19.8,-45.666667,3458333.0,Luz,80.71,58.55,13.4,4.4945
146,maceio,br,"(-9.666667, -35.716667)",-9.666667,-35.716667,3395981.0,Maceio,80.56,83.575,70.7,8.24375
147,paranagua,br,"(-25.516667, -48.5)",-25.516667,-48.5,3455070.0,Paranagua,76.84,96.6,46.7,3.8155
148,quatis,br,"(-22.4099, -44.2594)",-22.4099,-44.2594,3452148.0,Quatis,74.8,71.925,28.8,2.499
149,chongoyape,pe,"(-6.6405556, -79.3891667)",-6.6405556,-79.3891667,3698176.0,Chongoyape,79.03,87.4,10.9,1.32125
150,brumadinho,br,"(-20.133333, -44.216667)",-20.133333,-44.216667,7304501.0,Inhotim,82.96,69.05,23.1,4.22575
151,mpanda,tz,"(-6.3666667, 31.0333333)",-6.3666667,31.0333333,153176.0,Mpanda,83.21,51.35,20.0,6.3847499999999995
152,sao joao evangelista,br,"(-18.533333, -42.75)",-18.533333,-42.75,3448850.0,Sao Joao Evangelista,76.69,82.35,27.2,3.11675
153,itamaraju,br,"(-17.066667, -39.533333)",-17.066667,-39.533333,3464029.0,Escondido,76.96,92.175,50.0,4.16325
154,gold coast,au,"(-28.00029, 153.430878)",-28.00029,153.430878,2147849.0,Surfers Paradise,67.15,99.975,66.1,11.83675
155,hennenman,za,"(-27.976539, 27.024227)",-27.976539,27.024227,996918.0,Hennenman,68.36,57.7,4.5,6.42975
156,karangampel,id,"(-6.462222, 108.451944)",-6.462222,108.451944,1641342.0,Karangampel,86.28,99.275,29.2,9.229000000000001
157,nata,bw,"(-20.2166667, 26.1833333)",-20.2166667,26.1833333,933238.0,Nata,80.21,35.9,4.2,8.679749999999999
158,namibe,ao,"(-15.196111, 12.152222)",-15.196111,12.152222,3347019.0,Namibe,72.75,98.775,0.3,7.537000000000001
159,calama,cl,"(-22.466667, -68.933333)",-22.466667,-68.933333,3897347.0,Calama,76.82,47.725,1.7,4.88775
160,espinosa,br,"(-14.933333, -42.833333)",-14.933333,-42.833333,3463939.0,Espinosa,79.56,71.075,12.0,8.14525
161,chachapoyas,pe,"(-6.2166667, -77.85)",-6.2166667,-77.85,6383146.0,Asentamiento Humano Pedro Alva Castro,69.85,87.025,41.3,2.37775
162,nanganga,tz,"(-10.3833333, 39.15)",-10.3833333,39.15,877605.0,Nanganga,81.3,65.5,29.6,4.27425
163,tabuleiro do norte,br,"(-5.25, -38.116667)",-5.25,-38.116667,3386984.0,Tabuleiro do Norte,92.66,53.85,22.6,9.0915
164,mzimba,mw,"(-11.9, 33.6)",-11.9,33.6,925498.0,Mzimba,75.89,72.625,23.0,5.63975
165,terra nova,br,"(-12.366667, -40.666667)",-12.366667,-40.666667,3446587.0,Terra Nova,76.82,89.25,55.8,5.9235
166,san carlos,uy,"(-34.8, -54.9166667)",-34.8,-54.9166667,3440696.0,San Carlos,60.01,93.175,21.2,10.31225
167,naberera,tz,"(-4.2, 36.9333333)",-4.2,36.9333333,152042.0,Naberera,75.81,79.9,39.5,7.760249999999999
168,rusape,zw,"(-18.5333333, 32.1166667)",-18.5333333,32.1166667,882100.0,Rusape,68.42,66.875,6.8,3.4560000000000004
169,baturite,br,"(-4.333333, -38.883333)",-4.333333,-38.883333,3405954.0,Baturite,90.5,61.3,10.5,6.312250000000001
170,nao-me-toque,br,"(-28.466667, -52.816667)",-28.466667,-52.816667,3456397.0,Nao Me Toque,77.52,93.625,71.6,7.04425
171,bequimao,br,"(-2.433333, -44.783333)",-2.433333,-44.783333,3405778.0,Bequimao,90.55,74.25,19.3,4.216499999999999
172,pariquera-acu,br,"(-24.716667, -47.883333)",-24.716667,-47.883333,3454967.0,Pariquera Acu,83.48,90.55,40.7,4.08825
173,sao jose do belmonte,br,"(-7.866667, -38.766667)",-7.866667,-38.766667,3388440.0,Sao Jose do Belmonte,87.65,61.35,22.7,10.68675
174,carmen del parana,py,"(-27.233333, -56.216667)",-27.233333,-56.216667,3439156.0,Carmen del Parana,87.82,87.7,60.1,3.864
175,blackwater,au,"(-23.583509, 148.87912)",-23.583509,148.87912,2175403.0,Blackwater,73.83,67.45,52.5,7.704000000000001
176,greymouth,nz,"(-42.466667, 171.2)",-42.466667,171.2,2206895.0,Greymouth,52.29,97.775,33.6,13.099
177,rio piracicaba,br,"(-19.916667, -43.183333)",-19.916667,-43.183333,3451095.0,Rio Piracicaba,76.95,77.6,14.8,3.6432499999999997
178,lima,py,"(-23.9, -56.333333)",-23.9,-56.333333,3437653.0,Nueva Germania,86.76,81.975,68.0,3.2775
179,ariquemes,br,"(-9.933333, -63.066667)",-9.933333,-63.066667,3665199.0,Ariquemes,97.01,52.725,29.5,2.4292500000000006
180,pindobacu,br,"(-10.733333, -40.35)",-10.733333,-40.35,3453827.0,Pindobacu,81.41,71.675,44.9,8.20925
181,curug,id,"(-6.253333, 106.617222)",-6.253333,106.617222,1645895.0,Curug,86.29,96.0,38.2,5.61925
182,miracema,br,"(-21.416667, -42.183333)",-21.416667,-42.183333,3457133.0,Miracema,84.7,73.475,5.9,2.99475
183,tororo,ug,"(0.6847222, 34.1811111)",0.6847222,34.1811111,226110.0,Tororo,77.12,88.85,38.9,3.878
184,lima duarte,br,"(-21.85, -43.8)",-21.85,-43.8,3458591.0,Lima Duarte,78.4,73.525,25.4,3.1812500000000004
185,padilla,co,"(3.220376, -76.313851)",3.220376,-76.313851,3673407.0,Padilla,79.74,90.375,51.0,1.455
186,maracacume,br,"(-2.05, -45.933333)",-2.05,-45.933333,3395497.0,Maracacume,87.94,87.5,21.3,5.804250000000001
187,aparecida,br,"(-22.8418, -45.2287)",-22.8418,-45.2287,3471949.0,Aparecida,80.47,67.775,3.8,3.4620000000000006
188,canutama,br,"(-6.533333, -64.333333)",-6.533333,-64.333333,3664716.0,Canutama,89.72,85.0,16.4,2.665
189,terre rouge,mu,"(-20.0433333, 57.5683333)",-20.0433333,57.5683333,934513.0,Fond du Sac,75.65,100.0,15.9,16.897750000000002
190,ituacu,br,"(-13.816667, -41.3)",-13.816667,-41.3,3460531.0,Ituacu,76.46,84.675,44.1,4.5605
191,chinchina,co,"(4.9825, -75.603611)",4.9825,-75.603611,3686561.0,Chinchina,76.14,85.175,50.3,1.79725
192,grand gaube,mu,"(-20.0063889, 57.6608333)",-20.0063889,57.6608333,934479.0,Grand Gaube,75.65,100.0,15.9,16.897750000000002
193,carhuamayo,pe,"(-10.9166667, -76.0333333)",-10.9166667,-76.0333333,3945466.0,Carhuamayo,59.31,80.275,28.8,2.982
194,carahue,cl,"(-38.7, -73.166667)",-38.7,-73.166667,3896774.0,Carahue,54.24,97.925,69.3,10.231
195,juazeiro do norte,br,"(-7.2, -39.333333)",-7.2,-39.333333,3397147.0,Juazeiro do Norte,83.17,61.5,16.4,10.47
196,perene,pe,"(-10.9666667, -75.2166667)",-10.9666667,-75.2166667,3932502.0,Perene,81.7,78.175,20.1,1.74725
197,tres coroas,br,"(-29.533333, -50.8)",-29.533333,-50.8,3446137.0,Tres Coroas,75.11,90.925,68.7,2.70125
198,ouro preto do oeste,br,"(-10.666667, -62.3)",-10.666667,-62.3,3969406.0,Sítio Paraná,95.38,56.225,11.1,2.22125
199,filandia,co,"(4.674722, -75.658333)",4.674722,-75.658333,3682473.0,Filandia,76.14,85.175,50.3,1.79725
200,indaiatuba,br,"(-23.083333, -47.233333)",-23.083333,-47.233333,3461311.0,Indaiatuba,90.72,46.125,32.0,6.3185
201,weru,id,"(-6.711, 108.5037)",-6.711,108.5037,1621613.0,Weru,86.28,99.275,29.2,9.229000000000001
202,parnarama,br,"(-5.683333, -43.1)",-5.683333,-43.1,3392996.0,Parnarama,94.51,42.475,38.6,3.8002500000000006
203,boquete,pa,"(8.7833333, -82.4333333)",8.7833333,-82.4333333,3713860.0,Boquete,84.99,93.35,73.2,2.1149999999999998
204,moree,au,"(-29.46278, 149.841568)",-29.46278,149.841568,2156927.0,Moree,61.04,87.8,47.3,5.78175
205,quixada,br,"(-4.966667, -39.016667)",-4.966667,-39.016667,3390907.0,Quixada,91.49,59.125,23.8,8.340250000000001
206,takoradi,gh,"(4.8833333, -1.75)",4.8833333,-1.75,2294915.0,Takoradi,80.36,96.65,53.2,7.332249999999999
207,caldas novas,br,"(-17.75, -48.633333)",-17.75,-48.633333,3468100.0,Caldas Novas,82.98,55.725,31.5,5.4155
208,estreito,br,"(-5.783333, -43.25)",-5.783333,-43.25,3400617.0,Estreito,93.7,42.4,23.7,8.64925
209,namanga,ke,"(-2.55, 36.7833333)",-2.55,36.7833333,184570.0,Namanga,76.82,66.8,25.6,4.234
210,sasaima,co,"(4.898056, -74.436944)",4.898056,-74.436944,3684270.0,El Dorán,74.62,78.8,40.9,2.2655000000000003
211,ubaitaba,br,"(-14.3, -39.333333)",-14.3,-39.333333,3445853.0,Ubaitaba,76.24,92.45,68.1,5.324
212,ilo,pe,"(-17.6394444, -71.3375)",-17.6394444,-71.3375,3938415.0,Ilo,62.36,97.45,65.9,2.3890000000000002
213,villeta,co,"(5.008856, -74.472264)",5.008856,-74.472264,3665895.0,Villeta,74.62,78.8,40.9,2.2655000000000003
214,formosa do rio preto,br,"(-11.046389, -45.059722)",-11.046389,-45.059722,3456739.0,Morrinhos,84.59,63.55,7.3,7.17175
215,andevoranto,mg,"(-18.95, 49.1)",-18.95,49.1,1076227.0,Andovoranto,75.47,100.0,77.8,9.590749999999998
216,burgersdorp,za,"(-30.997659, 26.328623)",-30.997659,26.328623,1014653.0,Burgersdorp,62.72,50.875,14.9,6.3065
217,gatak,id,"(-7.4475, 110.554167)",-7.4475,110.554167,2009359.0,Puntan,87.23,89.075,29.1,3.2745000000000006
218,la palma,pa,"(8.4027778, -78.1452778)",8.4027778,-78.1452778,3707058.0,La Palma,84.23,96.8,70.2,4.01
219,rio real,br,"(-11.466667, -37.933333)",-11.466667,-37.933333,3451071.0,Rio Real,82.67,81.325,58.1,7.605000000000001
220,kande,tg,"(9.9577778, 1.0447222)",9.9577778,1.0447222,2366168.0,Kande,79.39,95.85,74.3,6.9334999999999996
221,san luis,ph,"(8.478056, 125.743889)",8.478056,125.743889,1689144.0,San Luis,88.81,91.5,37.7,3.4745
222,fort wellington,gy,"(6.4, -57.6)",6.4,-57.6,3378690.0,Fort Wellington,80.25,100.0,68.9,7.77725
223,nikki,bj,"(9.9338889, 3.2044444)",9.9338889,3.2044444,2392505.0,Nikki,82.24,93.9,61.0,8.556999999999999
224,inhambane,mz,"(-23.865, 35.3833333)",-23.865,35.3833333,1045114.0,Inhambane,77.6,92.4,5.0,8.2805
225,surakarta,id,"(-7.556111, 110.831667)",-7.556111,110.831667,1625812.0,Surakarta,86.3,81.675,25.4,4.108
226,rio bananal,br,"(-19.266667, -40.333333)",-19.266667,-40.333333,3451263.0,Rio Bananal,81.43,85.35,27.3,4.71375
227,bacong,ph,"(9.7393, 124.5656)",9.7393,124.5656,1729549.0,Bacong,85.71,100.0,28.2,5.879250000000001
228,lamian,ph,"(6.309167, 124.846389)",6.309167,124.846389,1707782.0,Lamian,86.7,96.025,48.1,2.8445
229,tremedal,br,"(-14.966667, -41.4)",-14.966667,-41.4,3446198.0,Tremedal,77.12,81.025,31.8,6.73475
230,bombo,ug,"(0.5663889, 32.5155556)",0.5663889,32.5155556,228227.0,Namasuba,77.88,86.875,26.6,4.3315
231,itajuba,br,"(-22.433333, -45.45)",-22.433333,-45.45,3460834.0,Itajuba,76.8,79.75,1.9,3.1399999999999997
232,olopa,gt,"(14.683333, -89.35)",14.683333,-89.35,3592035.0,Olopa,82.35,88.75,49.4,2.11375
233,jitra,my,"(6.268122, 100.421668)",6.268122,100.421668,1736302.0,Jitra,85.69,99.975,41.8,5.20425
234,chancay,pe,"(-11.5597222, -77.2711111)",-11.5597222,-77.2711111,6254790.0,El Cortijo,69.83,86.65,27.3,4.594499999999999
235,nacala,mz,"(-14.5427778, 40.6727778)",-14.5427778,40.6727778,1035025.0,Cidade de Nacala,82.07,90.425,8.9,11.354750000000001
236,uvira,cd,"(-3.406667, 29.145833)",-3.406667,29.145833,204405.0,Uvira,75.18,89.85,24.1,2.45075
237,san-pedro,ci,"(4.748508, -6.636301)",4.748508,-6.636301,2282006.0,San-Pedro,79.57,94.875,72.7,7.15475
238,san isidro,ph,"(8.258333, 124.593056)",8.258333,124.593056,1689800.0,San Isidro,82.11,98.975,50.6,2.9654999999999996
239,jatibarang,id,"(-6.9658, 109.055)",-6.9658,109.055,1645154.0,Dukuhturi,84.17,86.85,48.3,2.6945
240,yabucoa,us,"(18.0525, -65.8797222)",18.0525,-65.8797222,4568908.0,Yabucoa,85.24,89.375,50.5,10.690000000000001
241,japeri,br,"(-22.648889, -43.658611)",-22.648889,-43.658611,3460132.0,Japeri,89.1,73.35,5.6,2.5122500000000003
242,guaiba,br,"(-30.111111, -51.316667)",-30.111111,-51.316667,3473964.0,Guaiba,82.63,95.8,63.8,6.812250000000001
243,tasikmalaya,id,"(-7.3274, 108.2207)",-7.3274,108.2207,1624647.0,Tasikmalaya,80.17,92.6,68.4,2.065
244,mahayag,ph,"(8.1183, 123.4455)",8.1183,123.4455,1703598.0,Mahayag,85.5,97.125,47.3,2.8642499999999997
245,santa maria,ph,"(14.4719, 121.4286)",14.4719,121.4286,1688044.0,Santa Maria,82.36,100.0,66.0,3.9627499999999998
246,santor,ph,"(14.095491, 121.108745)",14.095491,121.108745,1687599.0,Santor,82.36,100.0,66.0,3.9627499999999998
247,atexcatzingo,mx,"(19.466667, -98.133333)",19.466667,-98.133333,3519289.0,San Francisco Atezcatzinco,74.1,94.45,50.7,3.39925
248,puerto bello,ph,"(10.9733, 124.5351)",10.9733,124.5351,1692691.0,Puerto Bello,84.99,96.475,40.5,2.7872500000000002
249,alibog,ph,"(12.229056, 121.228112)",12.229056,121.228112,1731502.0,Alibug,83.49,100.0,55.4,5.786499999999999
250,perbaungan,id,"(3.5679, 98.956)",3.5679,98.956,1214191.0,Perbaungan,87.88,96.475,51.2,5.842999999999999
251,bhawanipatna,in,"(19.9, 83.166667)",19.9,83.166667,1276023.0,Bhawanipatna,88.23,78.8,77.8,5.6845
252,kemang,id,"(-6.741389, 107.019167)",-6.741389,107.019167,1647298.0,Caringin,82.01,92.875,47.8,2.4370000000000003
253,vallam,in,"(10.716667, 79.083333)",10.716667,79.083333,1253481.0,Vallam,98.05,62.95,54.9,11.149750000000001
254,carrizal,ve,"(10.35, -66.9833333)",10.35,-66.9833333,3646451.0,Carrizal,86.77,87.775,45.5,2.64775
255,bialong,ph,"(6.980556, 124.888889)",6.980556,124.888889,1725492.0,Bialong,89.47,93.3,49.5,3.2667500000000005
256,san enrique,ph,"(11.0712, 122.656)",11.0712,122.656,1690117.0,San Enrique,85.55,89.825,52.0,4.1265
257,wonosari,id,"(-7.306111, 110.773889)",-7.306111,110.773889,1933316.0,Ngemplak,89.57,85.575,26.2,3.8590000000000004
258,orange,au,"(-33.283089, 149.100006)",-33.283089,149.100006,2154219.0,Orange,53.78,92.925,37.6,5.0575
259,balboa,pa,"(8.95, -79.5666667)",8.95,-79.5666667,3708111.0,La Boca,83.23,98.2,77.8,2.9917499999999997
260,basak,ph,"(8.041111, 124.862778)",8.041111,124.862778,1726493.0,Basak,78.15,94.55,64.3,2.262
261,san dionisio,ph,"(11.271, 123.0964)",11.271,123.0964,1690144.0,San Dionisio,87.48,97.175,47.8,3.78975
262,la pena,co,"(5.198474, -74.393677)",5.198474,-74.393677,3678167.0,La Pena,80.15,87.775,41.9,1.9232500000000001
263,buenos aires,co,"(3.015033, -76.642748)",3.015033,-76.642748,3688357.0,Buenos Aires,79.65,96.775,76.4,2.34075
264,salvacion,ph,"(13.066667, 123.616667)",13.066667,123.616667,1690710.0,Salvacion,83.28,94.05,60.9,2.9074999999999998
265,yingcheng,cn,"(24.165876, 113.412675)",24.165876,113.412675,1786634.0,Yingcheng,87.0,91.75,71.2,3.7655000000000003
266,bannawag,ph,"(7.153611, 124.866667)",7.153611,124.866667,1727533.0,Banawa,89.47,93.3,49.5,3.2667500000000005
267,serro,br,"(-18.616667, -43.383333)",-18.616667,-43.383333,3447672.0,Serro,73.6,84.25,19.1,2.5642500000000004
268,rajapalaiyam,in,"(9.45, 77.566667)",9.45,77.566667,1258916.0,Rajapalaiyam,81.63,79.275,76.4,3.9202500000000002
269,pudur,in,"(13.0, 79.15)",13.0,79.15,1259292.0,Pudur,94.36,72.575,65.5,8.97775
270,tiling,ph,"(9.9736, 122.6544)",9.9736,122.6544,1682098.0,Tiling,84.75,100.0,43.4,6.1267499999999995
271,ragonvalia,co,"(7.577487, -72.475738)",7.577487,-72.475738,3671018.0,Ragonvalia,98.19,68.475,33.4,2.073
272,carmelo,ph,"(10.7051, 123.7935)",10.7051,123.7935,1718349.0,Carmelo,85.46,99.1,49.0,3.0524999999999998
273,almirante tamandare,br,"(-25.3, -49.316667)",-25.3,-49.316667,3472518.0,Almirante Tamandare,80.37,78.6,24.1,3.54225
274,cacador,br,"(-26.783333, -51.0)",-26.783333,-51.0,3468570.0,Cacador,71.91,87.35,64.5,5.7495
275,miranda,br,"(-20.233333, -56.366667)",-20.233333,-56.366667,3457113.0,Miranda,85.77,74.15,23.3,3.96075
276,manapparai,in,"(10.6, 78.416667)",10.6,78.416667,1263952.0,Manapparai,96.97,58.225,57.4,14.975999999999999
277,mbuguni,tz,"(-3.5666667, 36.95)",-3.5666667,36.95,154321.0,Mbuguni,74.91,81.125,37.8,4.07875
278,santa cruz do rio pardo,br,"(-22.916667, -49.616667)",-22.916667,-49.616667,3450272.0,Santa Cruz do Rio Pardo,85.46,48.7,29.9,5.74225
279,cantilan,ph,"(9.333611, 125.9775)",9.333611,125.9775,1718866.0,Cantilan,85.06,99.875,35.4,4.496
280,eruwa,ng,"(7.533333, 3.416667)",7.533333,3.416667,2325733.0,Orita Eruwa,80.47,96.225,85.4,6.415000000000001
281,guadalajara,mx,"(20.666667, -103.333333)",20.666667,-103.333333,4005539.0,Guadalajara,83.15,85.45,52.0,2.4822499999999996
282,allen,ph,"(12.5006, 124.2849)",12.5006,124.2849,1731340.0,Allen,84.94,97.825,52.9,4.5280000000000005
283,naro moru,ke,"(-0.1666667, 37.0166667)",-0.1666667,37.0166667,184367.0,Naro Moru,62.68,96.025,60.2,2.675
284,saint-marc,ht,"(19.1166667, -72.7)",19.1166667,-72.7,3717588.0,Saint-Marc,90.25,88.625,14.9,3.6777499999999996
285,lydenburg,za,"(-25.097803, 30.459672)",-25.097803,30.459672,981158.0,Lydenburg,70.49,63.875,1.5,2.0275
286,sibulan,ph,"(6.933611, 125.462222)",6.933611,125.462222,1686732.0,Sibulan,83.98,92.95,51.6,2.6097500000000005
287,ramgarh,in,"(23.633333, 85.516667)",23.633333,85.516667,1258686.0,Ramgarh,94.96,89.0,59.7,6.458499999999999
288,villazon,bo,"(-22.1, -65.6)",-22.1,-65.6,3849140.0,La Quiaca,56.6,23.325,3.5,7.360499999999999
289,san fernando,ph,"(10.709, 123.0695)",10.709,123.0695,1690056.0,San Fernando,86.42,86.375,47.6,4.6652499999999995
290,tucume,pe,"(-6.51, -79.8583333)",-6.51,-79.8583333,3691161.0,Tucume,72.92,90.75,39.3,4.36575
291,aporawan,ph,"(9.5994, 118.3489)",9.5994,118.3489,1730290.0,Apurawan,84.69,100.0,45.2,2.59525
292,rock sound,bs,"(24.9, -76.2)",24.9,-76.2,3571592.0,Rock Sound,85.89,99.2,43.1,11.76375
293,det udom,th,"(14.905978, 105.078364)",14.905978,105.078364,1610940.0,Det Udom,85.06,93.325,86.3,4.8795
294,luderitz,na,"(-26.6480556, 15.1594444)",-26.6480556,15.1594444,3355672.0,Luderitz,63.93,82.975,8.5,11.268
295,uttamapalaiyam,in,"(9.8, 77.333333)",9.8,77.333333,1253635.0,Uttamapalaiyam,81.63,79.275,76.4,3.9202500000000002
296,mariano roque alonso,py,"(-25.166667, -57.55)",-25.166667,-57.55,3438995.0,Colonia Mariano Roque Alonso,92.88,85.525,73.9,7.492750000000001
297,sairang,in,"(23.8, 92.666667)",23.8,92.666667,1257743.0,Sairang,89.59,92.525,71.8,2.53825
298,sanguem,in,"(15.233333, 74.166667)",15.233333,74.166667,1257399.0,Sanguem,73.65,98.875,93.6,2.303
299,san celestino,ph,"(13.9258, 121.2349)",13.9258,121.2349,1690198.0,San Celestio,82.99,98.025,58.9,4.17725
300,la paz,mx,"(24.166667, -110.3)",24.166667,-110.3,4000900.0,La Paz,97.55,62.375,10.3,6.220000000000001
301,avanigadda,in,"(16.016667, 80.916667)",16.016667,80.916667,1278122.0,Avanigadda,93.66,70.175,65.6,12.383
302,burica,pa,"(8.0333333, -82.8666667)",8.0333333,-82.8666667,3702342.0,Punta de Burica,81.91,100.0,75.1,8.402750000000001
303,santa rita,bo,"(-17.9666667, -63.35)",-17.9666667,-63.35,3904809.0,Santa Rita,80.11,78.65,52.0,5.738250000000001
304,tarakan,id,"(3.3, 117.633333)",3.3,117.633333,1624725.0,Tarakan,86.77,96.775,40.6,3.3642499999999997
305,cafelandia,br,"(-21.816667, -49.583333)",-21.816667,-49.583333,3468296.0,Cafelandia,87.73,51.375,19.6,5.283250000000001
306,noumea,nc,"(-22.2666667, 166.45)",-22.2666667,166.45,2137776.0,Vallée du Tir,72.59,86.375,54.5,11.879
307,dhanaura,in,"(28.966667, 78.25)",28.966667,78.25,1272983.0,Dhanaura,106.23,66.725,26.9,7.733500000000001
308,san miguel,ph,"(10.538562, 123.083002)",10.538562,123.083002,1689004.0,San Miguel,86.42,86.375,47.6,4.6652499999999995
309,aquin,ht,"(18.2833333, -73.4)",18.2833333,-73.4,3731095.0,Aquin,83.23,98.525,19.8,18.73775
310,konde,tz,"(-4.95, 39.75)",-4.95,39.75,156513.0,Konde,80.58,99.025,44.8,18.24925
311,mawana,in,"(29.083333, 77.866667)",29.083333,77.866667,1263275.0,Mawana,106.23,66.725,26.9,7.733500000000001
312,campo de la cruz,co,"(10.378077, -74.883561)",10.378077,-74.883561,3687758.0,Campo de la Cruz,92.7,95.2,48.5,5.5265
313,bria,cf,"(6.5333333, 21.9833333)",6.5333333,21.9833333,239899.0,Bria,84.02,93.425,39.1,5.061249999999999
314,milagres,br,"(-7.283333, -38.95)",-7.283333,-38.95,3393595.0,Ôlho d’Água de Igreja,88.19,56.675,22.2,10.916500000000003
315,grahamstown,za,"(-33.304216, 26.53276)",-33.304216,26.53276,1000501.0,Grahamstown,75.38,60.075,27.9,8.280750000000001
316,lawigan,ph,"(10.549, 121.9856)",10.549,121.9856,1715639.0,Tobias Fornier,83.22,100.0,54.1,4.181
317,kindia,gn,"(10.0666667, -12.85)",10.0666667,-12.85,2419533.0,Kindia,81.5,96.125,79.1,3.6835
318,loreto,mx,"(22.266667, -101.966667)",22.266667,-101.966667,3998291.0,Loreto,76.94,91.15,39.7,4.51575
319,san francisco,co,"(1.178666, -76.878501)",1.178666,-76.878501,3669881.0,San Francisco,68.58,92.65,65.1,1.34775
320,realeza,br,"(-25.783333, -53.516667)",-25.783333,-53.516667,3451783.0,Realeza,79.56,87.125,63.5,5.180000000000001
321,khersonisos,gr,"(35.3, 25.3666667)",35.3,25.3666667,258315.0,Limin Khersonisou,77.67,97.775,21.4,8.488
322,pinocawan,ph,"(10.341175, 123.293901)",10.341175,123.293901,1693440.0,Pinokawan,84.02,93.225,49.2,2.73825
323,taos,us,"(36.4072222, -105.5725)",36.4072222,-105.5725,5493811.0,Taos,88.61,25.5,4.3,3.8297499999999998
324,jingdezhen,cn,"(29.2947, 117.207887)",29.2947,117.207887,1805680.0,Jingdezhen,93.44,78.2,32.2,7.9727500000000004
325,messina,za,"(-22.351308, 30.039597)",-22.351308,30.039597,976885.0,Messina,80.03,65.975,2.1,5.438000000000001
326,dingli,mt,"(35.861389, 14.382222)",35.861389,14.382222,2563140.0,Dingli,79.84,93.975,16.0,8.04675
327,bababe,mr,"(16.3333333, -13.95)",16.3333333,-13.95,2251544.0,Golere,101.68,45.4,15.3,9.897749999999998
328,dinanagar,in,"(32.15, 75.466667)",32.15,75.466667,1272546.0,Dinanagar,103.09,54.6,38.5,4.09175
329,soe,id,"(-9.866667, 124.283333)",-9.866667,124.283333,1626703.0,Soe,84.34,73.25,33.3,3.2440000000000007
330,upleta,in,"(21.733333, 70.283333)",21.733333,70.283333,1253736.0,Upleta,94.2,81.125,80.4,9.879249999999999
331,chiapilla,mx,"(16.516667, -92.733333)",16.516667,-92.733333,3531010.0,Chiapilla,82.2,87.95,42.7,1.6689999999999998
332,rey bouba,cm,"(8.6666667, 14.1833333)",8.6666667,14.1833333,2222439.0,Rey Bouba,87.8,87.875,31.0,4.33675
333,chacao,ve,"(10.5, -66.85)",10.5,-66.85,3645981.0,Chacao,82.45,98.95,64.8,12.78875
334,moulmeingyun,mm,"(16.3833333, 95.2666667)",16.3833333,95.2666667,1308464.0,Mawlamyinegyunn,82.9,98.325,92.0,11.22175
335,sirpur,in,"(19.483333, 79.6)",19.483333,79.6,1256063.0,Sirpur,92.04,73.05,72.2,8.321000000000002
336,hachioji,jp,"(35.655833, 139.323889)",35.655833,139.323889,1863440.0,Hachioji,84.2,78.925,60.3,6.101
337,kabala,sl,"(9.5833333, -11.55)",9.5833333,-11.55,2408329.0,Kabala,80.98,94.15,76.5,5.72075
338,marcavelica,pe,"(-4.8777778, -80.7052778)",-4.8777778,-80.7052778,3694939.0,Marcavelica,81.77,77.6,19.4,7.3004999999999995
339,santiago,ph,"(7.288889, 126.573333)",7.288889,126.573333,1687834.0,Santiago,83.7,95.225,42.5,4.82675
340,fort dix,us,"(40.0297222, -74.6188889)",40.0297222,-74.6188889,5098132.0,Fort Dix,82.7,78.325,32.0,9.22875
341,batu,ph,"(7.753333, 122.829444)",7.753333,122.829444,1957481.0,Batu,85.26,96.325,61.3,2.69175
342,samarkand,uz,"(39.6541667, 66.9597222)",39.6541667,66.9597222,1216265.0,Samarqand,86.62,42.6,5.4,5.718999999999999
343,tingo maria,pe,"(-9.3, -75.9833333)",-9.3,-75.9833333,6659400.0,San Jorge,84.72,72.5,31.9,1.98525
344,palin,gt,"(14.405556, -90.698333)",14.405556,-90.698333,3591833.0,Palin,82.6,89.225,47.8,1.8647500000000001
345,manassas,us,"(38.7508333, -77.4755556)",38.7508333,-77.4755556,4771401.0,Manassas,86.14,79.15,29.1,8.78025
346,anastacio,br,"(-20.516667, -55.8)",-20.516667,-55.8,3472284.0,Anastacio,86.32,75.85,16.1,4.6995000000000005
347,punuare,hn,"(14.7333333, -85.9666667)",14.7333333,-85.9666667,3603130.0,Punuare,87.91,81.8,65.4,2.559
348,mamala,ph,"(14.016667, 121.516667)",14.016667,121.516667,1702402.0,Mamala,84.53,99.975,53.2,5.00775
349,khargone,in,"(21.816667, 75.6)",21.816667,75.6,1266928.0,Khargon,87.6,89.575,77.8,9.0135
350,santa brigida,es,"(28.031968, -15.50425)",28.031968,-15.50425,2511202.0,Santa Brigida,74.46,98.85,29.3,10.75775
351,guapimirim,br,"(-22.533333, -42.983333)",-22.533333,-42.983333,3461949.0,Guapimirim,87.19,75.475,2.7,3.0192500000000004
352,port hedland,au,"(-20.312149, 118.610588)",-20.312149,118.610588,2063042.0,Port Hedland,81.52,31.55,4.5,12.64675
353,kharsawan,in,"(22.8, 85.833333)",22.8,85.833333,1266873.0,Kharsawan,91.0,88.9,69.8,6.0975
354,watauga,us,"(32.8577778, -97.2544444)",32.8577778,-97.2544444,4740214.0,Watauga,99.36,51.475,8.4,16.69075
355,puente nacional,co,"(5.877395, -73.6781)",5.877395,-73.6781,3671591.0,Puente Nacional,71.64,93.3,48.0,2.5810000000000004
356,kaka,tm,"(37.35, 59.6)",37.35,59.6,161901.0,Kaka,84.62,44.8,3.1,3.0264999999999995
357,villagarzon,co,"(1.029049, -76.62022)",1.029049,-76.62022,3665992.0,Villagarzon,64.63,92.65,65.1,1.34775
358,digboi,in,"(27.383333, 95.618056)",27.383333,95.618056,1272629.0,Digboi,90.88,92.95,56.2,2.31075
359,bardiyah,ly,"(31.7666667, 25.1)",31.7666667,25.1,80509.0,Bardiyah,83.17,89.0,4.5,10.86675
360,utran,in,"(21.233333, 72.866667)",21.233333,72.866667,1253640.0,Utran,82.65,100.0,88.8,18.642500000000002
361,bansda,in,"(20.75, 73.366667)",20.75,73.366667,1253425.0,Vansada,83.76,97.3,90.3,13.39925
362,lawrenceville,us,"(33.9561111, -83.9880556)",33.9561111,-83.9880556,4205196.0,Lawrenceville,91.52,77.975,25.4,4.30725
363,angostura,co,"(6.885077, -75.334669)",6.885077,-75.334669,3689870.0,Angostura,68.21,98.975,59.7,2.0807499999999997
364,pekan,my,"(3.4836, 103.3996)",3.4836,103.3996,1734971.0,Pekan,87.24,95.1,53.4,3.2704999999999997
365,massa,it,"(44.016667, 10.15)",44.016667,10.15,3172669.0,Montignoso,77.76,95.975,22.3,6.059749999999999
366,robertson,za,"(-33.803418, 19.885374)",-33.803418,19.885374,3362349.0,Robertson,70.88,71.375,30.5,2.94225
367,san miguel,ph,"(13.4196, 123.4082)",13.4196,123.4082,1710542.0,Iriga City,83.28,94.05,60.9,2.9074999999999998
368,baldovinesti,ro,"(44.383333, 24.05)",44.383333,24.05,685643.0,Baldovinesti,73.38,68.4,50.2,6.61275
369,mali zvornik,rs,"(44.395278, 19.115833)",44.395278,19.115833,3186246.0,Zvornik,69.76,79.325,62.2,3.2060000000000004
370,gastonia,us,"(35.2619444, -81.1875)",35.2619444,-81.1875,4467732.0,Gastonia,91.4,71.975,31.6,6.211
371,bystrogorskiy,ru,"(48.208134, 41.140967)",48.208134,41.140967,570188.0,Bystrogorskiy,100.2,35.15,42.7,11.398
372,tungao,ph,"(8.777222, 125.571944)",8.777222,125.571944,1680687.0,Tungao,85.08,99.225,38.5,3.183
373,cserszegtomaj,hu,"(46.80165, 17.220957)",46.80165,17.220957,3054164.0,Cserszegtomaj,72.43,79.65,31.3,9.10825
374,racovita,ro,"(45.698333, 21.635833)",45.698333,21.635833,669320.0,Racovita,71.54,86.775,60.6,6.37875
375,waterloo,ca,"(45.35, -72.516667)",45.35,-72.516667,6176821.0,Waterloo,78.03,81.45,48.6,5.755750000000001
376,sanmartin,ro,"(46.9, 23.566667)",46.9,23.566667,667006.0,Sanmartin,64.41,93.0,59.4,3.8665
377,ijaki,ki,"(-1.9166667, 175.5833333)",-1.9166667,175.5833333,2110204.0,Eriko Village,84.45,99.7,40.5,7.29825
378,gonc,hu,"(48.466667, 21.283333)",48.466667,21.283333,720494.0,Gonc,70.37,82.925,57.1,5.07475
379,qom,ir,"(34.6401, 50.8764)",34.6401,50.8764,119208.0,Qom,102.56,26.925,1.1,6.1240000000000006
380,kardzhin,ru,"(43.264639, 44.295374)",43.264639,44.295374,552555.0,Kardzhin,91.29,67.875,21.2,2.9745
381,camas,es,"(37.402023, -6.033141)",37.402023,-6.033141,2520477.0,Camas,98.1,57.425,10.3,7.72775
382,basi,in,"(26.833333, 76.033333)",26.833333,76.033333,1276767.0,Basi,104.85,65.4,70.1,5.77275
383,finca blanco,pa,"(8.3833333, -82.8666667)",8.3833333,-82.8666667,3709569.0,Finca Blanco Numero Uno,87.24,99.675,68.7,3.24125
384,maneciu,ro,"(45.316667, 25.983333)",45.316667,25.983333,673934.0,Maneciu,59.07,89.725,68.3,2.52725
385,mortara,it,"(45.25, 8.733333)",45.25,8.733333,3172557.0,Mortara,81.34,70.55,23.6,5.98725
386,vega baja,us,"(18.4463889, -66.3880556)",18.4463889,-66.3880556,4568533.0,Vega Baja,84.41,91.15,31.7,14.966249999999999
387,bilgi,in,"(16.35, 75.616667)",16.35,75.616667,1275619.0,Bilgi,82.92,83.25,68.8,13.71575
388,banjarmasin,id,"(-3.333333, 114.583333)",-3.333333,114.583333,1650213.0,Banjarmasin,87.13,88.25,51.2,7.587000000000001
389,matinha,br,"(-3.1, -45.033333)",-3.1,-45.033333,3395122.0,Matinha,90.73,81.525,23.3,4.5335
390,chiquinquira,co,"(5.616373, -73.817484)",5.616373,-73.817484,3686513.0,Chiquinquira,66.5,69.05,36.3,2.1315
391,eatonton,us,"(33.3266667, -83.3886111)",33.3266667,-83.3886111,4192800.0,Eatonton,94.85,71.9,22.1,3.78575
392,chandpur,in,"(29.15, 78.266667)",29.15,78.266667,1274714.0,Chandpur,103.53,71.85,25.7,7.070750000000001
393,grunberg,de,"(50.6, 8.95)",50.6,8.95,2914432.0,Grunberg,68.07,81.15,48.9,6.55175
394,tankara,in,"(22.666667, 70.733333)",22.666667,70.733333,1254972.0,Tankara,100.68,64.1,41.7,11.204
395,tanuma,jp,"(36.366667, 139.583333)",36.366667,139.583333,1850630.0,Tanuma,86.0,83.6,60.0,4.0875
396,ayna,pe,"(-12.65, -73.9166667)",-12.65,-73.9166667,3946962.0,Ayna,76.14,69.675,11.1,1.60925
397,tamayo,ph,"(15.8774, 120.2853)",15.8774,120.2853,1683663.0,Tamayo,83.37,99.85,63.4,3.089
398,koungou,yt,"(-12.7336111, 45.2041667)",-12.7336111,45.2041667,1090225.0,Koungou,81.47,96.475,27.1,13.421249999999997
399,alkhazurovo,ru,"(43.063903, 45.65134)",43.063903,45.65134,582490.0,Alkhazurovo,94.08,60.05,21.0,3.9314999999999998
400,bolhrad,ua,"(45.682621, 28.614872)",45.682621,28.614872,711841.0,Bolhrad,80.65,74.025,54.0,7.675999999999999
401,swords,ie,"(53.4597222, -6.2180556)",53.4597222,-6.2180556,2961297.0,Swords,66.2,89.2,25.4,5.57675
402,tocumen,pa,"(9.0833333, -79.3833333)",9.0833333,-79.3833333,3700563.0,Tocumen,82.13,100.0,86.1,4.6617500000000005
403,colmar,fr,"(48.078708, 7.355401)",48.078708,7.355401,3024297.0,Colmar,72.62,66.1,23.7,5.15225
404,sorong,id,"(-0.883333, 131.25)",-0.883333,131.25,1626542.0,Sorong,82.27,100.0,46.1,2.77175
405,rocha,uy,"(-34.4833333, -54.3333333)",-34.4833333,-54.3333333,3440777.0,Rocha,59.32,74.05,19.4,6.78875
406,milan,co,"(1.292047, -75.511666)",1.292047,-75.511666,3674784.0,Milan,84.65,91.35,53.4,2.4530000000000003
407,lordelo,pt,"(41.234507, -8.402969)",41.234507,-8.402969,2738224.0,Lordelo,84.17,81.475,33.0,2.69125
408,ibicui,br,"(-14.85, -39.983333)",-14.85,-39.983333,3461602.0,Ibicui,73.09,95.7,83.0,4.72275
409,perdoes,br,"(-21.083333, -45.083333)",-21.083333,-45.083333,3454139.0,Perdoes,76.04,68.425,46.0,4.02025
410,three hills,ca,"(51.7, -113.266667)",51.7,-113.266667,6165875.0,Three Hills,80.57,62.175,32.4,8.4285
411,saa,cm,"(4.3666667, 11.45)",4.3666667,11.45,2222366.0,Saa,81.68,92.325,79.9,5.871
412,galanesti,ro,"(47.916667, 25.8)",47.916667,25.8,677709.0,Galanesti,67.37,85.75,56.2,5.646
413,mapiripan,co,"(2.889155, -72.125591)",2.889155,-72.125591,3792394.0,Mapiripan,81.02,94.175,56.5,3.6130000000000004
414,newport,gb,"(50.7, -1.3)",50.7,-1.3,2641599.0,Newport,79.66,67.45,7.0,5.880750000000001
415,konganapuram,in,"(11.583333, 77.916667)",11.583333,77.916667,1266189.0,Konganapuram,91.34,71.725,56.0,9.4515
416,inzer,ru,"(54.2167, 57.5556)",54.2167,57.5556,556279.0,Inzer,86.09,52.95,10.4,4.6129999999999995
417,red deer,ca,"(52.266667, -113.8)",52.266667,-113.8,6118158.0,Red Deer,80.75,63.95,30.5,8.75925
418,san francisco,ph,"(9.528056, 125.485556)",9.528056,125.485556,1690017.0,San Francisco,85.26,98.825,31.9,3.74875
419,harku,ee,"(59.1325, 24.3711111)",59.1325,24.3711111,592168.0,Harku,74.08,81.025,35.6,7.6232500000000005
420,everett,us,"(42.4083333, -71.0541667)",42.4083333,-71.0541667,4936008.0,Everett,70.12,83.65,45.9,9.6655
421,aldergrove,ca,"(49.06, -122.46)",49.06,-122.46,7669018.0,Aldergrove,71.36,81.675,57.1,2.4532499999999997
422,castel volturno,it,"(41.033333, 13.933333)",41.033333,13.933333,3179443.0,Castel Volturno,78.76,92.4,22.9,9.10175
423,colti,ro,"(45.383333, 26.383333)",45.383333,26.383333,681047.0,Colti,60.8,83.8,61.7,3.257
424,kudal,in,"(16.033333, 73.683333)",16.033333,73.683333,1265809.0,Kudal,73.47,99.95,92.2,3.9597499999999997
425,thoen,th,"(17.612894, 99.216116)",17.612894,99.216116,1150154.0,Thoen,77.07,98.2,91.9,2.5122500000000003
426,safety harbor,us,"(27.9905556, -82.6933333)",27.9905556,-82.6933333,4170797.0,Safety Harbor,88.52,98.225,33.1,4.5409999999999995
427,oeiras do para,br,"(-1.966667, -49.85)",-1.966667,-49.85,3393762.0,Oeiras do Para,91.16,83.75,32.0,4.1085
428,daguma,ph,"(6.586667, 124.547222)",6.586667,124.547222,1979142.0,Daguma,86.7,96.025,48.1,2.8445
429,marfino,ru,"(55.702674, 37.383217)",55.702674,37.383217,529368.0,Marfino,85.53,54.25,35.9,10.4535
430,aksarayskiy,ru,"(46.792439, 48.011876)",46.792439,48.011876,583683.0,Aksarayskiy,101.82,38.05,24.8,8.307500000000001
431,fierze,al,"(42.2605556, 20.0169444)",42.2605556,20.0169444,829448.0,Bllatë,72.84,67.325,49.0,5.3157499999999995
432,ribera,it,"(37.5, 13.266667)",37.5,13.266667,2523619.0,Ribera,83.55,69.275,18.2,3.34325
433,dibombari,cm,"(4.1816667, 9.645)",4.1816667,9.645,2233100.0,Dibombari,84.11,92.4,67.9,3.24075
434,tsarychanka,ua,"(48.936973, 34.478596)",48.936973,34.478596,691155.0,Tsarychanka,89.59,59.65,40.0,9.73375
435,haileybury,ca,"(47.433333, -79.633333)",47.433333,-79.633333,5968992.0,Haileybury,77.41,62.2,34.8,4.97925
436,timana,co,"(1.971357, -75.931233)",1.971357,-75.931233,3667082.0,Timana,63.64,94.075,66.0,1.8225000000000002
437,lake jackson,us,"(29.0336111, -95.4341667)",29.0336111,-95.4341667,4704628.0,Lake Jackson,85.77,93.925,52.7,13.778
438,sovkhoznyy,ru,"(45.294623, 38.113843)",45.294623,38.113843,872144.0,Sovkhoznyy,97.51,57.6,41.7,6.894
439,gundsomagle,dk,"(55.735649, 12.151579)",55.735649,12.151579,2620997.0,Gundsomagle,77.07,70.95,18.9,7.480000000000001
440,karanpura,in,"(29.841944, 73.454167)",29.841944,73.454167,1255646.0,Karanpur,105.42,69.7,35.0,7.524500000000001
441,alyth,gb,"(56.616667, -3.216667)",56.616667,-3.216667,2657374.0,Alyth,75.7,82.825,23.2,6.0015
442,vetluzhskiy,ru,"(58.390162, 45.465425)",58.390162,45.465425,473903.0,Vetluzhskiy,88.07,49.725,15.5,4.34525
443,cumanayagua,cu,"(22.1494444, -80.2022222)",22.1494444,-80.2022222,3562827.0,Cumanayagua,95.67,89.575,19.3,3.9490000000000003
444,walker mill,us,"(38.8752778, -76.8886111)",38.8752778,-76.8886111,4372623.0,Walker Mill,85.96,78.4,24.9,7.509
445,boffa,gn,"(10.1666667, -14.0333333)",10.1666667,-14.0333333,2422968.0,Boffa,84.65,96.0,78.9,5.729
446,rotifunk,sl,"(8.2333333, -12.6833333)",8.2333333,-12.6833333,2404254.0,Rotifunk,82.6,96.975,84.0,3.9627499999999998
447,leninskoye,ru,"(58.316374, 47.088557)",58.316374,47.088557,536035.0,Leninskoye,90.77,47.725,13.6,4.97775
448,sutamarchan,co,"(5.615375, -73.617006)",5.615375,-73.617006,3667651.0,Sutamarchan,66.5,69.05,36.3,2.1315
449,cikeruh,id,"(-6.933056, 107.774722)",-6.933056,107.774722,1646492.0,Cileunyi,80.17,92.6,68.4,2.065
450,akiruno,jp,"(35.749435, 139.248346)",35.749435,139.248346,1861642.0,Ina,88.97,80.225,60.9,3.121
451,horomerice,cz,"(50.133877, 14.334353)",50.133877,14.334353,3075127.0,Horomerice,66.16,91.0,66.1,7.47825
452,nodebo,dk,"(55.978767, 12.34685)",55.978767,12.34685,2616423.0,Nodebo,76.33,70.1,18.3,7.647499999999999
453,delray beach,us,"(26.4611111, -80.0730556)",26.4611111,-80.0730556,4153132.0,Delray Beach,87.78,99.3,40.0,8.3795
454,santa maria,co,"(4.860483, -73.262338)",4.860483,-73.262338,3668631.0,Santa Maria,73.45,86.675,64.8,1.64575
455,chur,ch,"(46.856753, 9.526918)",46.856753,9.526918,7285515.0,Chur,62.17,60.925,23.2,1.4955
456,pulo,ph,"(14.9136, 121.0734)",14.9136,121.0734,1697497.0,Norzagaray,81.19,93.65,69.8,2.2872500000000002
457,hamcearca,ro,"(45.116667, 28.366667)",45.116667,28.366667,676343.0,Hamcearca,76.91,79.875,57.8,7.1195
458,andrieseni,ro,"(47.533333, 27.283333)",47.533333,27.283333,686341.0,Andrieseni,71.69,83.55,53.7,5.805
459,campos,br,"(-21.75, -41.3)",-21.75,-41.3,3467693.0,Campos,87.85,72.425,5.3,5.20125
460,riohacha,co,"(11.544444, -72.907222)",11.544444,-72.907222,3670745.0,Riohacha,94.87,86.875,34.5,15.97675
461,mammaste,ee,"(58.0666667, 27.0452778)",58.0666667,27.0452778,589375.0,Polva,77.68,78.1,33.6,8.83925
462,taman,ru,"(45.211696, 36.716092)",45.211696,36.716092,484670.0,Taman,78.6,95.425,21.9,11.14125
463,katangli,ru,"(51.7, 143.233333)",51.7,143.233333,2122783.0,Nogliki,52.37,93.65,70.3,10.560500000000001
464,lufilufi,ws,"(-13.85, -171.5833333)",-13.85,-171.5833333,4035249.0,Lufilufi,83.44,100.0,48.8,10.953
465,balatonboglar,hu,"(46.775247, 17.644145)",46.775247,17.644145,3055584.0,Balatonboglar,72.43,79.65,31.3,9.10825
466,nuziders,at,"(47.166667, 9.8)",47.166667,9.8,2770391.0,Nuziders,67.69,77.25,26.4,2.8707499999999997
467,barreiro,pt,"(38.663137, -9.072395)",38.663137,-9.072395,2271071.0,Barreiro,74.53,87.075,21.4,11.529250000000001
468,hallingby,no,"(60.266667, 10.2)",60.266667,10.2,3150842.0,Jevnaker,79.03,57.4,34.1,2.9200000000000004
469,stremt,ro,"(46.216667, 23.633333)",46.216667,23.633333,665982.0,Stremt,65.75,84.75,57.7,3.1454999999999997
470,mettupalayam,in,"(11.166667, 78.45)",11.166667,78.45,1263104.0,Mettuppalaiyam,91.86,66.8,57.8,6.32825
471,monte patria,cl,"(-30.691944, -70.946667)",-30.691944,-70.946667,3879429.0,Monte Patria,54.46,91.225,20.8,1.9277500000000003
472,vadu motilor,ro,"(46.4, 22.966667)",46.4,22.966667,664002.0,Vadu Motilor,65.8,85.875,54.9,2.69175
473,orlando,us,"(28.5380556, -81.3794444)",28.5380556,-81.3794444,4167147.0,Orlando,89.84,85.7,31.8,3.651
474,veshenskaya,ru,"(49.630327, 41.733402)",49.630327,41.733402,473998.0,Veshenskaya,98.34,35.375,47.5,9.6865
475,ashikaga,jp,"(36.333333, 139.45)",36.333333,139.45,1865005.0,Ashikaga,81.92,74.6,62.4,2.72375
476,gudiyattam,in,"(12.95, 78.866667)",12.95,78.866667,1270800.0,Gudiyatham,90.31,67.825,67.1,13.86825
477,veldhoven,nl,"(51.416667, 5.416667)",51.416667,5.416667,2745706.0,Veldhoven,79.84,67.375,22.0,8.9645
478,sikar,in,"(27.616667, 75.15)",27.616667,75.15,1256320.0,Sikar,102.96,62.225,63.9,7.324
479,denkendorf,de,"(48.683333, 9.316667)",48.683333,9.316667,6555416.0,Denkendorf,65.86,80.825,50.7,4.48275
480,jamay,mx,"(20.3, -102.716667)",20.3,-102.716667,4004126.0,Jamay,79.4,87.675,51.1,2.62925
481,brand-erbisdorf,de,"(50.866667, 13.333333)",50.866667,13.333333,2945341.0,Brand-Erbisdorf,66.11,92.45,71.6,8.10525
482,paducah,us,"(37.0833333, -88.6)",37.0833333,-88.6,4048662.0,Paducah,95.64,77.4,24.9,9.02175
483,valverde del camino,es,"(37.575112, -6.75432)",37.575112,-6.75432,2509835.0,Valverde del Camino,96.35,48.125,12.1,4.242
484,lhuntshi,bt,"(27.65, 91.15)",27.65,91.15,1252526.0,Lhuentse,66.13,85.625,60.8,1.1155000000000002
485,cabul-an,ph,"(10.15, 124.05)",10.15,124.05,1721381.0,Cabul-an,86.01,99.85,50.2,3.99575
486,kamena vourla,gr,"(38.7833333, 22.7833333)",38.7833333,22.7833333,261211.0,Kamena Vourla,75.63,96.625,77.1,4.331
487,pomabamba,pe,"(-8.8333333, -77.4666667)",-8.8333333,-77.4666667,3693468.0,Pomabamba,62.01,62.975,16.3,2.0782499999999997
488,manor,in,"(19.75, 72.916667)",19.75,72.916667,1263646.0,Manor,76.88,99.75,92.0,8.589
489,sambalpur,in,"(21.45, 83.966667)",21.45,83.966667,1257542.0,Sambalpur,92.61,92.325,78.4,7.294749999999999
490,san benito,us,"(26.1322222, -97.6308333)",26.1322222,-97.6308333,4726290.0,San Benito,97.03,73.3,53.1,14.4465
491,sundvollen,no,"(60.066667, 10.333333)",60.066667,10.333333,7626338.0,Vik,79.03,57.4,34.1,2.9200000000000004
492,mahinog,ph,"(9.157778, 124.7875)",9.157778,124.7875,1703577.0,Mahinog,84.17,96.0,30.9,3.6399999999999997
493,tunkas,mx,"(20.9, -88.75)",20.9,-88.75,3515026.0,Tunkas,93.07,73.4,27.6,6.076
494,gan yavne,il,"(31.787373, 34.706592)",31.787373,34.706592,295080.0,Gan Yavne,93.32,66.875,4.1,5.799
495,bereslavka,ru,"(48.62541, 44.044914)",48.62541,44.044914,577403.0,Bereslavka,101.55,32.7,46.5,9.52175
496,racos,ro,"(46.083333, 25.533333)",46.083333,25.533333,669344.0,Racosu de Sus,62.6,89.5,62.1,3.0055
497,concepcion,gt,"(15.616667, -91.683333)",15.616667,-91.683333,3598005.0,Concepcion,75.52,83.6,31.5,1.6204999999999998
498,ueckermunde,de,"(53.733333, 14.05)",53.733333,14.05,2820471.0,Ueckermunde,71.47,82.375,25.1,12.7125
499,hernani,es,"(43.264057, -1.978942)",43.264057,-1.978942,3120811.0,Hernani,80.92,73.6,10.1,2.3825
500,noale,it,"(45.553333, 12.071944)",45.553333,12.071944,3172252.0,Noale,75.52,79.85,46.6,5.5352500000000004
501,tampere,fi,"(61.5, 23.75)",61.5,23.75,634964.0,Tampere,76.87,61.675,27.8,4.9704999999999995
502,bilbor,ro,"(47.05, 25.516667)",47.05,25.516667,684870.0,Bilbor,58.99,90.15,58.6,2.75725
503,bhairab bazar,bd,"(24.0666667, 90.9666667)",24.0666667,90.9666667,1185263.0,Bhairab Bazar,87.88,94.85,81.1,8.712
504,abda,hu,"(47.694641, 17.544885)",47.694641,17.544885,3056445.0,Abda,73.6,70.725,45.6,10.23425
505,westonaria,za,"(-26.319055, 27.648605)",-26.319055,27.648605,940316.0,Westonaria,69.51,47.275,0.3,4.1935
506,amecac,mx,"(18.816667, -98.65)",18.816667,-98.65,3518739.0,San Juan Amecac,82.31,83.15,44.9,3.22425
507,nosivka,ua,"(50.931518, 31.582825)",50.931518,31.582825,699917.0,Nosivka,86.12,67.275,45.7,10.541500000000001
508,lebyazhye,ru,"(57.41585, 49.523024)",57.41585,49.523024,520041.0,Nolinsk,89.24,55.95,29.2,5.205
509,green,us,"(40.9458333, -81.4833333)",40.9458333,-81.4833333,5156371.0,Green,82.88,84.975,43.2,10.712250000000001
510,chandler,us,"(33.3061111, -111.8405556)",33.3061111,-111.8405556,5289282.0,Chandler,107.35,21.95,2.3,3.932
511,kaitong,cn,"(44.813513, 123.149999)",44.813513,123.149999,2036338.0,Kaitong,87.85,77.525,43.2,8.202000000000002
512,shcholkine,ua,"(45.427187, 35.813346)",45.427187,35.813346,7522123.0,Scholkine,79.82,96.45,25.1,12.787
513,cristinesti,ro,"(48.1, 26.383333)",48.1,26.383333,680161.0,Cristinesti,70.25,85.375,50.8,6.57175
514,hereford,us,"(34.815, -102.3972222)",34.815,-102.3972222,5523074.0,Hereford,101.15,39.75,11.0,13.10775
515,kumi,ug,"(1.4608333, 33.9361111)",1.4608333,33.9361111,230584.0,Kumi,70.96,94.025,51.8,2.42975
516,garhi yasin,pk,"(27.906895, 68.510961)",27.906895,68.510961,1178843.0,Garhi Yasin,108.77,48.1,1.3,7.25625
